{
  "IsEncrypted": false,
  "Values": {
    "AzureWebJobsStorage": "UseDevelopmentStorage=true",
    "FUNCTIONS_WORKER_RUNTIME": "python",
    "AZURE_STORAGE_CONNECTION": "DefaultEndpointsProtocol=https;AccountName=pvnstorage8;AccountKey=lZhWU6RF303MPFnYTDNfjoT4G04f2FnP4LGjsMTjQpBWev09Z38JBuHLkcKh1uT2irSHKUaJb3Zs+AStVfl8Ig==;EndpointSuffix=core.windows.net",
    "AZURE_OPENAI_API_KEY": "1dGeyPQGAw81jMzC5jkTUcK9N5Fy4iCq0r4H2F9yGE0liU21V5RQJQQJ99BLACYeBjFXJ3w3AAABACOG7d9G",
    "AZURE_OPENAI_ENDPOINT": "https://pvn-openai.openai.azure.com/",

    "AZURE_OPENAI_EMBED_MODEL": "embedding",
    "AZURE_OPENAI_CHAT_MODEL": "chat"
  }
}